<?xml version="1.0" encoding="UTF-8"?><?xml-stylesheet type='text/xsl' href='_UpgradeReport_Files/UpgradeReport.xslt'?><UpgradeLog>
<Properties><Property Name="Solution" Value="GSMCommDemo">
</Property><Property Name="Solution File" Value="E:\Work\Demo Source\GSMCommDemo.sln">
</Property><Property Name="User Options File" Value="E:\Work\Demo Source\GSMCommDemo.suo">
</Property><Property Name="Date" Value="Saturday, January 05, 2013">
</Property><Property Name="Time" Value="18:42 PM">
</Property></Properties><Event ErrorLevel="0" Project="" Source="GSMCommDemo.sln" Description="File successfully backed up as E:\Work\Demo Source\Backup\GSMCommDemo.sln">
</Event><Event ErrorLevel="0" Project="" Source="GSMCommDemo.suo" Description="File successfully backed up as E:\Work\Demo Source\Backup\GSMCommDemo.suo">
</Event><Event ErrorLevel="0" Project="GSMCommDemo" Source="GSMCommDemo.csproj" Description="Project file successfully backed up as E:\Work\Demo Source\Backup\GSMCommDemo.csproj">
</Event><Event ErrorLevel="0" Project="GSMCommDemo" Source="AssemblyInfo.cs" Description="File successfully backed up as E:\Work\Demo Source\Backup\AssemblyInfo.cs">
</Event><Event ErrorLevel="0" Project="GSMCommDemo" Source="ConnectSQL.cs" Description="File successfully backed up as E:\Work\Demo Source\Backup\ConnectSQL.cs">
</Event><Event ErrorLevel="0" Project="GSMCommDemo" Source="frmSecurity.cs" Description="File successfully backed up as E:\Work\Demo Source\Backup\frmSecurity.cs">
</Event><Event ErrorLevel="0" Project="GSMCommDemo" Source="frmSecurity.Designer.cs" Description="File successfully backed up as E:\Work\Demo Source\Backup\frmSecurity.Designer.cs">
</Event><Event ErrorLevel="0" Project="GSMCommDemo" Source="frmConnection.cs" Description="File successfully backed up as E:\Work\Demo Source\Backup\frmConnection.cs">
</Event><Event ErrorLevel="0" Project="GSMCommDemo" Source="frmDemo.cs" Description="File successfully backed up as E:\Work\Demo Source\Backup\frmDemo.cs">
</Event><Event ErrorLevel="0" Project="GSMCommDemo" Source="Message.cs" Description="File successfully backed up as E:\Work\Demo Source\Backup\Message.cs">
</Event><Event ErrorLevel="0" Project="GSMCommDemo" Source="ProtocolCommand.cs" Description="File successfully backed up as E:\Work\Demo Source\Backup\ProtocolCommand.cs">
</Event><Event ErrorLevel="0" Project="GSMCommDemo" Source="SecuritySettings.cs" Description="File successfully backed up as E:\Work\Demo Source\Backup\SecuritySettings.cs">
</Event><Event ErrorLevel="0" Project="GSMCommDemo" Source="frmSecurity.resx" Description="File successfully backed up as E:\Work\Demo Source\Backup\frmSecurity.resx">
</Event><Event ErrorLevel="0" Project="GSMCommDemo" Source="frmConnection.resx" Description="File successfully backed up as E:\Work\Demo Source\Backup\frmConnection.resx">
</Event><Event ErrorLevel="0" Project="GSMCommDemo" Source="frmDemo.resx" Description="File successfully backed up as E:\Work\Demo Source\Backup\frmDemo.resx">
</Event><Event ErrorLevel="1" Project="GSMCommDemo" Source="GSMCommDemo.csproj" Description="Your project is targeting .NET Framework 2.0 or 3.0. If your project uses assemblies requiring a newer .NET Framework, your project will fail to build. You can change the .NET Framework version by clicking Properties on the project menu and then selecting a new version in the '.NET Framework' dropdown box. (In Visual Basic, this is located on the Compile tab by clicking the 'Advanced Compiler Options...' button.)">
</Event><Event ErrorLevel="0" Project="GSMCommDemo" Source="GSMCommDemo.csproj" Description="Project converted successfully">
</Event><Event ErrorLevel="3" Project="GSMCommDemo" Source="GSMCommDemo.csproj" Description="Converted">
</Event><Event ErrorLevel="0" Project="" Source="GSMCommDemo.sln" Description="Solution converted successfully">
</Event><Event ErrorLevel="3" Project="" Source="GSMCommDemo.sln" Description="Converted">
</Event><Event ErrorLevel="0" Project="GSMCommDemo" Source="GSMCommDemo.csproj" Description="Scan complete: Upgrade not required for project files.">
</Event></UpgradeLog>